building,mean,min,max,total
building1,25.854167,17,35,1241
building2,33.125,23,43,1590
building3,25.333333,17,34,1216